email,password
lisa74@gmail.com,Bv]z`+LTXYd
carla15@gmail.com,"el""%Hlwo;tJ"
brownsandra@gmail.com,wMT|Q%~Wj
michael21@gmail.com,}?rm9}~e<
johnsonpaula@gmail.com,a>qMG.?4y
cbrown@gmail.com,FZN2bbn.(s2~
imoore@gmail.com,"Y""b48!=s(,~e"
jenniferchan@gmail.com,E[9(zl'gc
woodardantonio@gmail.com,W|'t?F{&9)^W{v
cynthia50@gmail.com,#v(+Rz=]\%u7Ih\2
john82@gmail.com,L=K=FOF|qn10=.~
rachel54@gmail.com,54%F;Ug#=319)+T
brandongrimes@gmail.com,h[#ZLhMmMsuqNCVn
jakeshelton@gmail.com,!>A2frBzn
alexis19@gmail.com,xc!ivas*nXR)
james98@gmail.com,{?|W5@(vYJ-^uLN
millerkim@gmail.com,q'mtDs#A;'}
larrymatthews@gmail.com,mJQQvfkv=G6(h+
jwalker@gmail.com,&gAzIX`fDxg$}/5
salazarnorma@gmail.com,-OINYdH*>YKPfJ:
yrichards@gmail.com,>y+t2%!/~Om
khudson@gmail.com,"x0#h6l0X""p*CaM"
nelsonstephanie@gmail.com,"""#RT~AX`XJl!d"
meganbailey@gmail.com,W=#2ad8LtGMF
arodriguez@gmail.com,";~""UsUxB~r"
igillespie@gmail.com,tp:orbON5
sandra71@gmail.com,rS)q.2C+=tN-)N
msmith@gmail.com,!>E+g#hT(z
kanecrystal@gmail.com,QQx`\svZ^
christinakelley@gmail.com,2@Rrll_z:XU
smithscott@gmail.com,?e:eV75vc@7t+4
gphelps@gmail.com,h4Ms}Dj:3h'CZj:
nicolegreen@gmail.com,ANg^XusO|QJf%O[
klewis@gmail.com,=lSqz|Lq>P
preid@gmail.com,e0-Gl>~yE
paulrojas@gmail.com,@}yNsI8G*V7=3&;
noah17@gmail.com,fMr8Y\`-*$
xwilliams@gmail.com,",X7A9I<p+"
richard82@gmail.com,1R)Y21F)[HWr@Z
spencer98@gmail.com,vfaX?Evg\
clayton96@gmail.com,o@k@Df.|:u%9Np
nellis@gmail.com,NTuLg]j?_Ep9Y
laurahunt@gmail.com,ils0i^TtahD$I
ahall@gmail.com,zU\lXc.cUz
kramerleonard@gmail.com,dsO}5Cq3#
carolinejones@gmail.com,]xz!x`(<<mKf8hNR
lvelazquez@gmail.com,=z.#/kGA?=2:Y'K
michelle91@gmail.com,"v^0:ArFna"""
kathryncannon@gmail.com,"a~j/-k!v{~""cWVIt"
jeffcruz@gmail.com,MfeE7gzW0>k;4{Sa
mcisneros@gmail.com,jp#q_$AI:QCv
michaelwilliams@gmail.com,6h['=8^{I%0ow
michael78@gmail.com,RY_~jb.?/6W1d
gbaker@gmail.com,!\]J|1q1J
paynechristopher@gmail.com,v`Od4X**%|
james44@gmail.com,*Gjt:[=kAAkt-
andreaparker@gmail.com,si<7x=!'i8o+
sherylstokes@gmail.com,U)\I*\)M`Cw
hillsamuel@gmail.com,z;:zJ'B)8h'
xcompton@gmail.com,"'{|BIpi(HGi,f2"
xlopez@gmail.com,"""yP[e[1or,"
sandra67@gmail.com,&'MY|*nwiL40
guerrerokatrina@gmail.com,}8X*un}uPi>Ul
vdillon@gmail.com,b~@3S417&YWI%
tgibson@gmail.com,":vi.\LS,6-ap^rI"
campbelldonna@gmail.com,"rzM""|>oD>Wv$"
barry61@gmail.com,]m%u+7'zHF'`s;hw
haydenmichele@gmail.com,Z.j/Yay7?yg.J
kevingomez@gmail.com,"_2WK8abffB,%T"
zperez@gmail.com,`ZXF-hCvnx:f1]S&
tonyamitchell@gmail.com,>R*cDu*WV]fvje
twashington@gmail.com,"w5]M&%""H*"
lukejackson@gmail.com,^%(mWi!]He
hilldaniel@gmail.com,"af6QkWcCwu""+"
garzamichael@gmail.com,",u2w;b,wB"
vbishop@gmail.com,9dGbX~I.L
wrightwilliam@gmail.com,j+8wj<G%+AJ0pc
rachel07@gmail.com,!6lr~<e'_WM6RBG
mcguiremichael@gmail.com,"""+Y~fujlksW-FS^"
alancardenas@gmail.com,"gb,HapV\y^a`Ia"
patricklee@gmail.com,"""F/GhIP8\tsLuVD"
michelleshields@gmail.com,;)9MG%bDQL
smorales@gmail.com,dv`OHNDf?uwv8
angela30@gmail.com,{;(LajWqcyn;~
zacharyclark@gmail.com,7Ix5jTmh]-2Gb|>
ramosclaudia@gmail.com,tYHDAr%hq5P
nwashington@gmail.com,c@p:?\1rrt\
brianwhite@gmail.com,'YcC!(O|]888Wlr
monique84@gmail.com,PH3fiRa$&??6P8
ryan04@gmail.com,yUO7[lC[PLWZ8Ff
ubenson@gmail.com,vuTJlg-*'3f&C38I
jonesheather@gmail.com,C!X|\4>CI<g.t
hbowman@gmail.com,"Op7TBLc4jlrwc""z"
wagnerrachael@gmail.com,WLKN/sh\{0M
aroberts@gmail.com,Nbq-|sVBuj
cassandra42@gmail.com,2FB(7`Gy0Ewo@c
burgesshenry@gmail.com,"Y'kq,;\uLy"
jasonbrown@gmail.com,Nm`#^55&f
lucasscott@gmail.com,"i#+Mj4mWvD""9O"
morrissierra@gmail.com,"a3_n,&j5tYt""Q%aC"
johnsonmichael@gmail.com,pE@k9sp(-jYW
mmills@gmail.com,TwM;8ThO_?}tf}Z~
samuel48@gmail.com,w^}|JIB83|-x
marisafisher@gmail.com,_sBhSufKdT^9
kboyer@gmail.com,*IB\`#[aiBf#v
rjones@gmail.com,?og4Z)0s1*N@m&8'
rodriguezrichard@gmail.com,">u/S,R+`xp1""~"
jessicabridges@gmail.com,7u&ybUK2o-
kathleenmcdonald@gmail.com,xNvDH}WSXrVJ
mitchellemily@gmail.com,^nDd'dU*`g>.d$Y
hschultz@gmail.com,ISdv#E3l%0N=^N
martinamy@gmail.com,`C>IrJL/ysEh
aferguson@gmail.com,"(A9""Ed7kd#\D4"
tiffany75@gmail.com,$bAYY1.eQ&e?
andersonshannon@gmail.com,)SSCo/!094
rhumphrey@gmail.com,Rh~KS~hv!b(K1
catherinediaz@gmail.com,p\O<>zm@Zx@D6^v<
kimberlylang@gmail.com,*+>V\5Vv][
christinabrowning@gmail.com,KZ%mB:!1o)Y(
richard36@gmail.com,G(Uguhv#T]\>*i.
lamteresa@gmail.com,"q(@y,;8MDF1MGUa"
johnsonlee@gmail.com,+@($hV]yX*t>+!Y
corey60@gmail.com,?Ao4:6aPkUp
kimberlysmith@gmail.com,zaw0|lIkr(h9
amanda50@gmail.com,l$f6~5c;t3JaKa}
douglaslara@gmail.com,"""x<QaAw(dSrNI]"
bakersarah@gmail.com,2}1dqu'x4XOPG9
scooper@gmail.com,+/>/a3S;hgt?-$K:
flemingjoanna@gmail.com,F*eu#K<ap
fhogan@gmail.com,5wLBQ+Fim[w'+
robertmcintyre@gmail.com,)hEYi{c.4M#?-lC2
hernandezcheryl@gmail.com,j\['o?Tifs4cIZk
archermichelle@gmail.com,r&O*{VqoC)2'~
deborahdowns@gmail.com,#F^iQ{xTttWK<cNN
andreajenkins@gmail.com,WuLw4i9oppJ
cherylshepard@gmail.com,"v)m0W;"",!l"
jellis@gmail.com,iJ'r9\&6ueg&
tatelaura@gmail.com,bgoG^Gr#\@q)L6:
joneskathy@gmail.com,"ov:#L.g}N|6,kj"
rachelglover@gmail.com,"2U(,lL^$!QJgkz"
danarobertson@gmail.com,"7s2Lk,~o""y"
michael55@gmail.com,UX::h(j(5)aS<%8
wstephens@gmail.com,"'""1Kb*daV5:mS9xS"
johnmyers@gmail.com,-aZ2bQX]BjR'
christina85@gmail.com,{6xg)-\02
wilsonmatthew@gmail.com,s]W)|)<NKS;7wu
christopher87@gmail.com,\zw.2yIMwhQ
rileyjoseph@gmail.com,"Y's,|<\b>:onY"
cantuannette@gmail.com,?3q/O6HGO
ricky34@gmail.com,$58hg`UrS80W
fking@gmail.com,<w#<b|g/UZ!
amber48@gmail.com,",>4D&PNs6KR~rz"
regina39@gmail.com,5:}pQ2X?**.
renee93@gmail.com,(}ywKMb]W
atkinsoneileen@gmail.com,r8z*e$j>-OB4-
carlos43@gmail.com,;O?|<cK$@JD!g
tommyalexander@gmail.com,KS\-y1?&LdM/_Tz+
boydhenry@gmail.com,rhd'7)6i{uaG>
paulturner@gmail.com,fC~8p/Dd3
kylehorn@gmail.com,",LtUS;huN[I"
vroberts@gmail.com,%a#&FqbJ5X5@
brownjohn@gmail.com,"8G`Pz<B<)D,>"
katherine42@gmail.com,9vlj8Nwwx7
calvarado@gmail.com,"""NL~KIkE)#2"
marksstephen@gmail.com,&/8w3-UD`[efA$kK
jacob98@gmail.com,EL>h`Klnyk7?
dixoncynthia@gmail.com,oB#O%O6~Ae}9q74
lwelch@gmail.com,z6ivVoZ6>z:Q2(
cynthiawade@gmail.com,8ufm|e\*G|
smithdavid@gmail.com,"\4/""^aLF<%ErO.E0"
jennifer99@gmail.com,lF+]D$xfR
michaelsandoval@gmail.com,s[SUM%o<j:fT.
dianarodriguez@gmail.com,Rj{G04<cR>V+Z|
harrismariah@gmail.com,6TGW9(GF1K6=x
johnphillips@gmail.com,"&)i0VTf6,ZBME0"
michelletaylor@gmail.com,;P]R+.o|(f
johnlewis@gmail.com,Q?yw/+`M}c8>
qfinley@gmail.com,>!7~#*B)FD/}
orodriguez@gmail.com,%;^1An3FA4&LjWD(
ijimenez@gmail.com,uok67T]|Hkg.I
lewisjoseph@gmail.com,"/#u}G!T,DGdB"
pierceteresa@gmail.com,ZlW}J-BRL3&g'
vholland@gmail.com,&&O/{u{hC6jmC
louiscrawford@gmail.com,+#E07a})nozFB-t
zmaldonado@gmail.com,c]kB0{Atuzp^F1CZ
hannahtaylor@gmail.com,2h#G{;|&vZg
cisnerosandre@gmail.com,XbR:l:N?xY`
wtorres@gmail.com,\jS~#M}uT[_JwGY
jgomez@gmail.com,58+iBT<5.
michaelsmith@gmail.com,268jp|M8.VGtZU*
jessicawilson@gmail.com,q`rG/9`1(c%;7
darrellgarcia@gmail.com,"L,7iCN:&$|H)>Tk"
tcox@gmail.com,35Yn*r#[Od&I
loriwarren@gmail.com,:I3db<A?][g[7vqJ
whitejose@gmail.com,ZHD.6v/ge}NLBiWf
stephanie28@gmail.com,t)Qvn|1!+r
xgonzalez@gmail.com,*Kz:tJo$pMw[}&
william88@gmail.com,EY6k;i`MNi:F{=g
foxphillip@gmail.com,<-`88'J|?qZ
rodriguezbrenda@gmail.com,+lq7PxQe}#J?UI@
jerry20@gmail.com,Bxeg.?H\{~4z~
karencruz@gmail.com,WfZT\I2uvP!$/
barberdebbie@gmail.com,"Kq.WT:=>>7,L}q0"
wsavage@gmail.com,Ct&1c#4?AJ<o
carmenfuller@gmail.com,oqCwDV}isFWC
linda68@gmail.com,IdC.7vX^o
danamassey@gmail.com,wdk1+\Dy_G9pr'4
ggalloway@gmail.com,wa$w?*@w6tS9
ramirezcarolyn@gmail.com,./Du&|;lT
nicholasjames@gmail.com,=]T<cKdcf
samantha36@gmail.com,XXegmRq7GUjH9<+
acummings@gmail.com,SBd>DKx^M7
lmoore@gmail.com,"1""l#\>9jcmq[:"
josephramos@gmail.com,"wn""XP|+8R51yek"
xmurphy@gmail.com,g'&3v}i<+ar
rebeccanewman@gmail.com,"C""i01eXF\'<"
lbrown@gmail.com,KqnQ||sj$@5u90
josephdiaz@gmail.com,}L%Spcq>Zmk
patrick30@gmail.com,|qIViHnP$
hwagner@gmail.com,"*t`eyEf$g,(Ge1#k"
steeleeric@gmail.com,;5G+Np.p2AUf?B+
heathermercado@gmail.com,@%O$8]VQqe
alan97@gmail.com,j4ifj-TJ{SlL]e
garyherman@gmail.com,:JXyP9sX8m<)
edwardsashley@gmail.com,7`IeM*Sn=%Rv'<.4
droberts@gmail.com,j{Jr;F}di
rebeccafernandez@gmail.com,r4J8Z!](k-e
aliciasmith@gmail.com,"ooeDR(4[?""hd"
fisheranthony@gmail.com,jcSD@;kMwI@g@vJ
juliarussell@gmail.com,Ij#&`mBm+N
patrick12@gmail.com,"heAM`F8_v*ziDn""n"
michael44@gmail.com,>.L-!Q}^aK*^F
markchang@gmail.com,"LRH""6{%wA1rR?"
jennifermendoza@gmail.com,"M8aX873kkW""ND"
dakota75@gmail.com,4>qI6L^m+i
tpayne@gmail.com,NPEyG+&F=WyZxv.
mark52@gmail.com,u\:x%\dY@J$;)o
trodriguez@gmail.com,",UM(DLW:?Xg]B-"
jcrosby@gmail.com,",[n$\G{7zc}.j"
anthonyschaefer@gmail.com,q]PphB*X}6M?{
jperry@gmail.com,<zo2s?\y-i04p5g
martinezthomas@gmail.com,=mXG*4\d7:g%
patelsteven@gmail.com,IM:tgG4OG~..?d\
pwright@gmail.com,@v80iBSVO\AU
lawrence01@gmail.com,{=;mKs6fQ:+|'87
bowenbrittney@gmail.com,g6'B2%^{IWgu
emmaadams@gmail.com,n`JcSh3ZM@_]0
robert50@gmail.com,CnNFgU0/7b
ashley96@gmail.com,"z3N?C""]$'>"
rogerking@gmail.com,|Dg+*Y_idJO
milesjay@gmail.com,luNm8jZBZPtrD$
wendymoore@gmail.com,"2$)++8X#+(K""nmz/"
efuller@gmail.com,U-+yf3A?q;z`8b
kellyalexandria@gmail.com,5aKjhRPGp>
rchavez@gmail.com,"I\#>nS9Y$M&c"","
margaret32@gmail.com,V4Jq?}i6zv[?
phillipsmichael@gmail.com,#ve;8A8>Ji@:`$
nmorales@gmail.com,G@\xtK8`<Bs
brandimiller@gmail.com,cR2X=[wXTjOo
jensenangela@gmail.com,m_0W&i\z~4~5%M
kevingonzalez@gmail.com,=I%pFd+pqJam
sharon67@gmail.com,BhT#yrX/N&e:N
megankelly@gmail.com,-0yxl>thX8/z3TT4
kaylasuarez@gmail.com,B=D2t|{9Glv'
thomaskatelyn@gmail.com,"u`F{0L]ig8='Ii"""""
salazarjo@gmail.com,S2Iqz6[quw$Jtcr
david39@gmail.com,A24~|(;aSoV
deleonhaley@gmail.com,DcwOlLus`
ronnie94@gmail.com,q?^J{Jk'A:
olsondonna@gmail.com,"aNA?]l!I,Z"
hsmith@gmail.com,"w0,N(sf2E9c""P"
tmiller@gmail.com,|J_ibigbHJIm7'
arnoldmelissa@gmail.com,"*sj-p11%,}uh@i`R"
johnsonterry@gmail.com,no__4u=<U;zx
martinezmary@gmail.com,OM>ZAN$j7>Q0K
richard69@gmail.com,V{w5~k<e-q4G
schultzjennifer@gmail.com,9+D;xFrKRP(`
antonioromero@gmail.com,o~45*U2u8T/
richardjonathon@gmail.com,:b<YD6U?{K
reedmichelle@gmail.com,<EkQ9XusDF
moorekatherine@gmail.com,o5hHh3ZDru>x(O
johnsonashley@gmail.com,z/6s]P:g8-H06
jenniferortiz@gmail.com,R%a{|m&F}86
kevin90@gmail.com,)$Rw~BM$_:q
quinnkristina@gmail.com,"(!G.""W*&6D"
richard95@gmail.com,"-q.*%A^#""n"
stantongerald@gmail.com,RI`F=R9tamIo-R
saundersjoy@gmail.com,;`Sz4=Y)j+bo|
travisneal@gmail.com,7]t4]m9L<
robert64@gmail.com,X3\n=.P4wU'LK
mckenzienancy@gmail.com,pqu43crchum7
andrewjames@gmail.com,ez&?ln;Oifm
smithjeffrey@gmail.com,pTYI[P#je(!|D%G
zacharyclarke@gmail.com,"Zy%;""(Yt$<D"
vcox@gmail.com,7?jaV}@T4ADb3
erinstewart@gmail.com,">QR_x^j,R"
cervantessonya@gmail.com,?8^z@\v<hZ
lopezjonathan@gmail.com,yhnlB+Rf2Hby8.&
brenda21@gmail.com,";vt~~i-""X{KII"
coreyhoward@gmail.com,cap&?44w.P#5
amanda13@gmail.com,sc4p;vx$-`C
carterheather@gmail.com,`iW0iIk:Cs
whitescott@gmail.com,"PQSPEd2e,L"
ojones@gmail.com,^aOyrmPp?R8fyC
christinacole@gmail.com,*`FR:pImaZ?TA2
rtodd@gmail.com,\8JP{?F_ySL2NG|Y
colemanchristopher@gmail.com,}KFQoEw1Q
mli@gmail.com,>&hi(2ujQ;[zP.r/
adrian77@gmail.com,"XGaBF,/roZD"
adamsabigail@gmail.com,"#5>^]=u{P*x,p%"
wthomas@gmail.com,]8%qgd?B;lo~{
charles51@gmail.com,x>3!h?\hM
stephanieshaw@gmail.com,;yD'wt<EGS%*$@
lburke@gmail.com,H7[eXw/5pcv8
bellkenneth@gmail.com,pwdd'q92d)
jsmith@gmail.com,0-.j@'aZ34(Z
stoutjessica@gmail.com,N%jcFt-A1oqDlJ};
kennedytanner@gmail.com,8Hl;go5l3n^y-t{W
fvalencia@gmail.com,"L""2}~;{\BB"
edrake@gmail.com,yO2*6&*-DSAZ)
ronald97@gmail.com,G\x}!o;PW(DQSb[
colleenreyes@gmail.com,E[xRDO7=*v
amanda94@gmail.com,".@,ke=z{&f"
westlawrence@gmail.com,f|k\(CZoT0<Zg[?
ublake@gmail.com,};odUJ~frK
irichardson@gmail.com,S6faR5TSA_
dtucker@gmail.com,k-RC]eSRvtIE6qh]
mooreruben@gmail.com,JBkkDfXE9<SP#}Xy
jennastevens@gmail.com,;0tbbbqP0^H\k0
bgray@gmail.com,):f@[VS7y%M{
anthony31@gmail.com,ughyXq.w4!`l
elizabethtaylor@gmail.com,1^HY12eG@OuS(`
orodriguez@gmail.com,cs=vnrsnK[
patricknunez@gmail.com,>C`&f#s=TWf-j
duncanjennifer@gmail.com,7u=CA|]j^HJ6XS>l
medinajohn@gmail.com,I(^K1+ImpP.#o
gholmes@gmail.com,"""Ng`.zJk&7(=yL"
scottjason@gmail.com,"vq>,0IkWpv"
debbieblack@gmail.com,"e,r/PE:N:B)]UF"
jjohnson@gmail.com,3)\r>=((N
johnsonvictoria@gmail.com,`b2Q`Hd-3b
sandradavis@gmail.com,7H+o't'RAY}*
manuelhoward@gmail.com,#LQ(YT((!
fmorgan@gmail.com,?MZYV#lc[AI
ycruz@gmail.com,JhX(u4:d(_F7
reyescory@gmail.com,|OPbY>ju|\!^(V
timhooper@gmail.com,;LCL)`DcZu1H9
toddgibbs@gmail.com,"#l{<(*H>A""""8`m/"
stephenmaynard@gmail.com,<2bQbG20a'NOBnh
heather94@gmail.com,jgp;GmX|3IW{z=N
michaelcarter@gmail.com,>zzX<ui%`dk\5*w
serranojay@gmail.com,[4.5t{vWx~(=0o4
amanda20@gmail.com,UCaeXC(T'.d
williamssamantha@gmail.com,"@Q&+T7qw{OQ""~1"
jose31@gmail.com,P_ik9j?MWN
moralesshelby@gmail.com,"CbLBS+lV2yW,Zy.h"
ograves@gmail.com,l4Q-d|B#9^9?>~
michelenovak@gmail.com,_Y]`6IY++
khuff@gmail.com,"o-ifV"">%*t+"
tammy23@gmail.com,Orcn|HZ|b=.%f
boltonpaul@gmail.com,u[3INcte^
christina04@gmail.com,/cSP{vu19UVm{
gwilliams@gmail.com,e*qDTHw{P/o)5vsI
christopher25@gmail.com,m}sOC&E-QZ9X?OJ]
margaret26@gmail.com,2?|vjLMWRd$1Jt&
bwilliams@gmail.com,^`LxYl5/;+/0qa
shannonsheila@gmail.com,YF\^lJPXX.'B
wwalsh@gmail.com,oB*G&Nl{#
phillipsgeoffrey@gmail.com,?[pKbTmEs@#fX4@\
ann50@gmail.com,"^X5""d+j&b(Z~"
beverlywolf@gmail.com,"hofU.eM`""6~HV#vB"
joyce47@gmail.com,DBN5H*V8$:!mA@
vincentshannon@gmail.com,~S0nT]6<|n4dMYYg
wattseric@gmail.com,na:=tRb'~
james77@gmail.com,\h{Gk|4x`.2e
allenralph@gmail.com,0*yvu+F5GY1$ot}r
millerrebecca@gmail.com,"=r+w8p[No*;""\"
kimberly84@gmail.com,"oN[39Zs,'B"
zarmstrong@gmail.com,"bwU5""j`1=p"
xhubbard@gmail.com,GRiDegAS@~.@{:
edwardskayla@gmail.com,3zlN:&f0hKpx_x
samuel50@gmail.com,"D~r0WJ""CY""EEM"
anthonyjones@gmail.com,x}\&aO5CoF
thomasdavila@gmail.com,y&@*}y8L6G'&^
melissa30@gmail.com,Qt>}e\rcid<ppu)
youngjeremy@gmail.com,<Sk0q)kRGK/cI
nicoleflores@gmail.com,"'""PN[%L+TFz"
edwardsjoseph@gmail.com,"T7jJ``iV,S9("
hnewton@gmail.com,"RBX_!Tn""_9<{"
robert69@gmail.com,6yhYZt>D'#on4:Q
ekeller@gmail.com,iL]<-]Seghy=`^
yanderson@gmail.com,Bs8As-aS;8[
kimbrown@gmail.com,rFo8Jx)GW!L
ryan53@gmail.com,"""Ro0;*F.RY'6"
smallteresa@gmail.com,0gjPTCqS1
vadams@gmail.com,9M1xnF7%5X\8:
daniel98@gmail.com,DypoK%NTFJ
josephnixon@gmail.com,VuHE\><?~P#YGtCm
campbelljohnathan@gmail.com,rOovN*bg]D
wuantonio@gmail.com,\*kSZv(_x
thomas58@gmail.com,"iE8`M.)""_UZ?#'"
gilmorelinda@gmail.com,%mx2y_$`;ki[(wn
ijones@gmail.com,"n5Km""F0`Y>Lo"
james18@gmail.com,(:{Z0V*R*=)&
davisjames@gmail.com,<]\]GYJny&JYET2
johnsonkevin@gmail.com,wBI{`*At@u1{|;4
zoecohen@gmail.com,[`fTX~Gk`%$R
anthony28@gmail.com,":&kOJv4m,ak/!n"
brownclinton@gmail.com,)Zk`Cj`9!]tc7
benjamin29@gmail.com,`Q%t$4qd-[7:
rmartin@gmail.com,.k[t;.@$[O2I
mark28@gmail.com,"e<y{xhJC,hNlOM't"
rebeccamann@gmail.com,8=\)N#EsDKm4]i
xgibson@gmail.com,](Rwuzh1Z6ny|q
kroman@gmail.com,nM}EIz<n~.H$pJ*#
floresveronica@gmail.com,j*O1|3P8UL4j<>M
susanhale@gmail.com,[hJf$B>O\
corey11@gmail.com,"ATK>Wh,\z&Tzi"
afrazier@gmail.com,FQxXA+^Qu[;bI
donald42@gmail.com,"\)/:{JazCO/NU\?,"
william49@gmail.com,n<Oc}&ZK]8@szo
ojimenez@gmail.com,dcUAd/U*m%d/y&AG
mjones@gmail.com,GG:W6[k%tBMr%ISb
carla36@gmail.com,"lSLNeHR+""0=fyk}"
bradley25@gmail.com,1t}>G&5ytg`h
robinramirez@gmail.com,jf7[mOR61
richard05@gmail.com,_N&<H6x%&4
dianaedwards@gmail.com,4hKH0i/V3
amclaughlin@gmail.com,fr5'gm[A(}
nguyenrichard@gmail.com,*<P-U(($N
jason38@gmail.com,wD;+uboo%eM9
qhood@gmail.com,`8p3%V}=&^5`
teresa98@gmail.com,&}*B?|JDijuFyo]a
mcarter@gmail.com,kf{+V=t1{92A
qross@gmail.com,"PCd^`""q\3G"
bmartin@gmail.com,eQS6:E9QUjk|l0
jbrewer@gmail.com,NU6u@o_FE
qbailey@gmail.com,=H?[I|f%!=m2g$
harrisjessica@gmail.com,ZO4pQga+0a'~[[7e
rkim@gmail.com,"ue2!""+x1x"
yvonnelarson@gmail.com,|+Iw<KY:4-=)AoG3
benjaminhowell@gmail.com,*Ew5QCk-r~$Kj
laura79@gmail.com,P7!Q[97~`MG
lesliegraves@gmail.com,"9|UcM|ZR""UKRap"
castillosamuel@gmail.com,H\;BT3fJqD=pm9
bsanchez@gmail.com,[OpH~j0!EL-B;nr+
jonesrose@gmail.com,PvkW##Mt`g
adam99@gmail.com,Q1ULy'FAR(o67I~
charleslowe@gmail.com,~9rBBT@jaP>
kaylasimmons@gmail.com,-26yE80b]24
robertserika@gmail.com,X}O'/t-{`
bporter@gmail.com,P$P9zkH(+t2
richardsonaudrey@gmail.com,"2-8W|V=*]F<_["""
rsimmons@gmail.com,kMi$h|:!P
katherine77@gmail.com,"5z8\y`j,[>uQqh"
ljones@gmail.com,"T^KHKU9,K"
flowersphilip@gmail.com,=7Ycn(`xre
zmullen@gmail.com,;^x4UmY<:-LA
bkoch@gmail.com,TVlr2^l0}]!
lopezkevin@gmail.com,"""2*UU<-|it!A"
brett29@gmail.com,"-2j<oIag}""fC1"
marieball@gmail.com,o?SB$%8bmkEkOf
edwardstami@gmail.com,"|i,d:cY01gT"
andrea44@gmail.com,"ZU.5N|ab,<'I\Ho"
manuel60@gmail.com,O1v0IgnP>
jesus80@gmail.com,"KjlS""KP3r"
hmiller@gmail.com,"2KSTR),\Ii$g("
markmiranda@gmail.com,fH9HQC@QDA}jT%
rmartin@gmail.com,(3lx?dMND'Sw`.Zo
matthewmiller@gmail.com,fV<p$C+}3'?O
rwebb@gmail.com,kE)]fx9ZKf+c
fpeters@gmail.com,f:bZ\OYMq+cIm<
woodspatrick@gmail.com,"o@-I4HrtZ&zF%!,"
johnbarnes@gmail.com,"""`w5a:*V8\j/O8"
kimberlyholden@gmail.com,AC1=Zz#T||$N$uZ
iwarner@gmail.com,}/EfpCTX_3-mPW
ychavez@gmail.com,vY[KgAWW7k-Egq*
kristenkhan@gmail.com,f>)$\`;%Qe0Ho;9A
erinmartin@gmail.com,eS&)q&+~9
johnstonheather@gmail.com,"'CqU=f,[Q@"
christopherdillon@gmail.com,"+""D4FsuP&,fuX"
baileywilliam@gmail.com,*tKgW1a|KY}-F;_
aprilthomas@gmail.com,*[>rVr))KQZ'-j
michaelmiller@gmail.com,PGJS~@(2J-&.
gnelson@gmail.com,:mUA)-\#mUY
denisemay@gmail.com,/-)i!X(@CQI
wpadilla@gmail.com,*#N{@9Ub[7a>^:Z
floydjennifer@gmail.com,"GQ|R>""&&BKN/#eU"
thomas80@gmail.com,c3SbPf|srW
clairesmith@gmail.com,"a5A#o]'y!""6U."
amaldonado@gmail.com,W`0Z(#{iDJ
ayoung@gmail.com,)=iy~A58%o]JAv
karen16@gmail.com,.\RIWAuatoO]$X
jeremy98@gmail.com,QMJ_l)#E7e=pa>/`
zachary40@gmail.com,QV530kOFm#:'
sanderskaren@gmail.com,c@eO.zf=';?;f
michaelfletcher@gmail.com,HGyloe6My<*;|
gturner@gmail.com,#[2{1^!tb1iu*
ftaylor@gmail.com,qZ%CK8f;Yu=x13
kimberly87@gmail.com,x!i;p=BY<^<\A6o
bentleydaniel@gmail.com,OP}KJ5(`JTMi
wowen@gmail.com,"8?N};+n""jPWC"
goliver@gmail.com,"=!M""<W57YH><u>5"
christinegonzalez@gmail.com,)1Vej>8.Le^#F'g
nicholas66@gmail.com,"v+x""/_g3Q["
qross@gmail.com,f'cRBlQw1
rdiaz@gmail.com,s/oOK{U^N7
nancyjones@gmail.com,dDxBy+n3JPf_(H@M
turnerlinda@gmail.com,[iku#f{iXu!PC*#<
lawrencekeith@gmail.com,0?k^CAM?De/#f-
martinezjoshua@gmail.com,"""GA/!Rkayv;QET?:"
leroybonilla@gmail.com,2{((T&XoN
corey66@gmail.com,m.T~!<{aw<8?
jessevazquez@gmail.com,Uy&V~ZRXkvGDyF
stephanie68@gmail.com,zf=[r=ro5O<?GCr6
knappstephanie@gmail.com,JU*DN]D%w{g
johnsondavid@gmail.com,areu*)/P_}X
martinchristian@gmail.com,Z|V0.f)_Y^.PE<ig
jenny97@gmail.com,ee?VL+U(K@Y
markmurphy@gmail.com,-pur2w$DFd=x)e
deanrobert@gmail.com,":^/2s_:9SS""4I"
cookcynthia@gmail.com,-D82grE|3N
bchandler@gmail.com,"^""?N>L)PT8m"
veronica84@gmail.com,;G7Ukd&gT'8
greendiana@gmail.com,d50}kWD~@1>M
lindahuff@gmail.com,TatQ5mUC?BXn
paulthomas@gmail.com,`{^i5FzPPls|xV
margaret65@gmail.com,"6\ZAfg8""HU1^Gr>,"
meyertyler@gmail.com,3G)>]3f#(au
walkerjulia@gmail.com,61Ls9!$-i;3Uv4
josephthompson@gmail.com,=mKRo+]U{k7i
blairregina@gmail.com,Zt!C%p;-wc
denisehansen@gmail.com,)l?#u^awKnT/T
francisrobin@gmail.com,Tg#7Q2@N!{xM3HPz
holly32@gmail.com,jFR6=:nK/>$Ff
jonathan29@gmail.com,0'p\HVoI)i`)kQH0
christophersparks@gmail.com,H@.B$W@[+L_.=:6
alicia80@gmail.com,"Ztu3iKG,b7AGC""v"
anthony72@gmail.com,RI@qR`m-y?6r
dpowell@gmail.com,mIiHI(lIOz>
williamsandrew@gmail.com,G/YRr=-I<Y4mA4|
fcobb@gmail.com,p^kmiaSwm2j
debbie84@gmail.com,B(Zr->jmY2TT
murphylori@gmail.com,"TecI55,<y^)sV"
rstone@gmail.com,"l>""8?vmDYc@]80gw"
mgray@gmail.com,T9BesRBMS0
nicoleaguirre@gmail.com,GR)wrwNP!%(C
lthomas@gmail.com,J&}2xS)x^sv9-
richardmcdonald@gmail.com,mTJN)X3rmfM*As
theresamckinney@gmail.com,SmM~HE4>ZO>
gary40@gmail.com,"9]9I6Ua#G""cb6r""["
marciasmith@gmail.com,b7$u9y^qbl1>SI
xmoore@gmail.com,:)u_QVyu33co
anthony25@gmail.com,~YTO)SBJth
erogers@gmail.com,"KxKB""LHHbN{z5g"
tracie84@gmail.com,=Gc8`c0.!Gn}
anthonypowell@gmail.com,U75Xygbk:
taylorabigail@gmail.com,"xNa,F)3[AH2z"
hallpatricia@gmail.com,",UhlTTBvG!6"
charles04@gmail.com,",&>R_+rKY\C,~a"
debrayoung@gmail.com,AOoZ[g)`y`ZL
willie76@gmail.com,=iFM~/62)H*P
tranpaul@gmail.com,"[IvPA+{,iM!yl"
johnsongeorge@gmail.com,fO`svIc(ci-:p
jacksonamy@gmail.com,Il<e[r3m$Rt
triley@gmail.com,M_Y]\0cb)
david63@gmail.com,"8F|#BEy3G,d%"
james53@gmail.com,eN#:[m*FZF6CP5Xc
heathersmith@gmail.com,R$5:IcDJ@R35
williambrown@gmail.com,"&k~gCj1ns*}y""Q./"
nthornton@gmail.com,@<bX^iT_^zLEf#
jimmy80@gmail.com,udAf8U55G
holtjessica@gmail.com,urgSScvxD
haley38@gmail.com,M~SIf?/&eO=u:+
kimberly31@gmail.com,RK>vDAd@kZFlA)
nbaker@gmail.com,tbF2Kfc>.+u_
dbeck@gmail.com,",H4PEgI,oZ"
joanatkins@gmail.com,"gAze0=Q%?YnP"")9"
nicholas17@gmail.com,)V1dk['>PT1wr@
christine34@gmail.com,"k}4/oU,.;a?+D"
robert00@gmail.com,".G}?~}=*,5n'43"
catherine61@gmail.com,[-<|>i'U68l_cFx
sandra79@gmail.com,0KG/<^RQW
holmesleslie@gmail.com,nM!f=N\evIz
jesse16@gmail.com,~vIP]2E#u3?T[
hernandezjeremy@gmail.com,!@e_`VKYvH\
vsilva@gmail.com,C|'\a`Zhc3E~-Lq
donaldmartinez@gmail.com,N<#5`zh3!`
jack78@gmail.com,y2D%pE3ve26
phernandez@gmail.com,H\Am?Exfy
wmann@gmail.com,8wp%b4m?/n
czamora@gmail.com,EHbIC>-g33
jennifer96@gmail.com,DU|:&-M-fv
iaguirre@gmail.com,Gk:E1w:|VZS^iU#
christopher90@gmail.com,huF?zHe|o
treyes@gmail.com,kjU1XK5Eh;$c8Y
daviscynthia@gmail.com,=]RNDJXT38{zn[
amberhopkins@gmail.com,tFg`D}*QXS(37
felicia57@gmail.com,"@J%Ktv&~[p""/=)8e"
katelyn79@gmail.com,|H`a%%;vR;.
lisabrown@gmail.com,'i[Sup:*<m7_;
emathews@gmail.com,p[p^CU/u7y
joseph22@gmail.com,p=kJTQy2zB1-1-_y
growe@gmail.com,z-.5o{iz8mv^7
davidtaylor@gmail.com,iJ?/$fnI3
eddie50@gmail.com,>'0H~*~o@0j;7Qy7
hwhite@gmail.com,1:iRi=*h.Wn
jessica13@gmail.com,"X},s_B$PSp"
billlucero@gmail.com,$ZAS;8W?I\$.
todddavid@gmail.com,c_H`n-54!W
nicholaswilliamson@gmail.com,SB$'A`zF^I`zaRH
andreamorris@gmail.com,mo4zBu8nH{Ilk
danielle01@gmail.com,?^|.qj.$X|A^g.z1
vkelly@gmail.com,%:nu?t%BE!#
contrerasjoshua@gmail.com,'&q7D+OpN(X/d
marie45@gmail.com,LF3AMMk3GO:X
gdelgado@gmail.com,Qmo{']indJ>
caitlinross@gmail.com,Koh%$Ugb&>Ae@H
pwoodward@gmail.com,.kZrN[rd$w<
henry14@gmail.com,6}vAn2z1p(udKM
kennedysamuel@gmail.com,Zcf4i0PX~8k
ashleyortiz@gmail.com,"&W<uaikI,ySw"
pamela06@gmail.com,K(VW4/xa-4W
amy17@gmail.com,|TZ/^lS-}zwwc
travisjackson@gmail.com,.6G-s&NpM&!L
kjohnson@gmail.com,O?GH5}D6?Qd3~(T
floresjeffrey@gmail.com,xS#(oBY6NU
ericmorgan@gmail.com,x-3a%z]D8B~BCu?f
carsonrhonda@gmail.com,%0e1rDZQh
daniellewis@gmail.com,",M2N*i1m'J0~>5+!"
johnsonyolanda@gmail.com,l~qRRtXe^k6jNU/
ryan79@gmail.com,g7dbRVGV/
jwilson@gmail.com,"?Hv"")yU[1?hmNX"
wmckinney@gmail.com,j@BBjd8=\j
ronald70@gmail.com,$z>:(w'x*jU/V
sullivanmatthew@gmail.com,^fsY]/zWfR^%<l
careyjoy@gmail.com,'xE+Y4V2}an
ylopez@gmail.com,xt'u:S5e0-6Hh
steven62@gmail.com,Pf*@xRM!8:i
randall45@gmail.com,R.21#QM'zz=b`
jsandoval@gmail.com,"HSY98ba465$<0^J"""
patrick27@gmail.com,u>CD%6[;*(htyk<
cassandra25@gmail.com,|v[Y+J@O!csf
eking@gmail.com,yLQi2c)^Pyr5:#a
thompsonamber@gmail.com,&94\XG.C@Woej
mdavidson@gmail.com,f3nYb1M#E{.kAU
stacy67@gmail.com,[0Fmb~TgL{H@
kimberlyrobinson@gmail.com,>m.jS#Oth.3
pbrown@gmail.com,"w|OK""+}!3G"
qlambert@gmail.com,}tKvKTpuU9Y
lsalas@gmail.com,"""3SIqCpzd"
robert21@gmail.com,-0|Di6+WVd9HKx
gilbertjennifer@gmail.com,<~LiLX&]7B{H]
david56@gmail.com,_45}du)n2G(l~v
dan01@gmail.com,"eXV]Zpb(q>""W"
jonesmichael@gmail.com,;3$v$dG$T=
mariahharris@gmail.com,=?}+JI-IIFL;A]
stevenshepard@gmail.com,"bHQg6S>ln1k)p""C"
ashley86@gmail.com,:&q4Qt%IbS
maloneemily@gmail.com,E&Tg?xL?{t@qlwX
pameladiaz@gmail.com,E(|Hi$u]NJY@Z
cohendebra@gmail.com,1r4JYNnr=64pP
stephanie76@gmail.com,O\V~{ravJOSBLs@C
marie15@gmail.com,"[0kf42M.\uLO;s""l"
christopher81@gmail.com,"=ZhW9OPpI,vaL""j<"
ssavage@gmail.com,+nOy?ZTYLY5JNN
donnamcdowell@gmail.com,1R!\{Yg(|yzz
alewis@gmail.com,"v,?/OWgq-)"
qanderson@gmail.com,YJ7yHh$nv\\m|i
thomasboyd@gmail.com,"Rf7U%,hE9iWwM"
brandontaylor@gmail.com,c'O6.G[Nd[
connorfrazier@gmail.com,"+gzM,Kw,De~C?T"
amy00@gmail.com,|Z^InNXOm53qG
johnsonholly@gmail.com,IOM`-&[J;rMW
jennifer57@gmail.com,}WEp1WI'uKrp
dylanhess@gmail.com,.ymFIYXt^?Aaj%Z
cassandraburns@gmail.com,"Y%B}C%wud`,v,?5"
marygarrett@gmail.com,]&_5f&ON/U
tammy65@gmail.com,o?qxDftb<m
johnsonrachel@gmail.com,V0'i`LmBCT|J
andrew43@gmail.com,cb&eEjl1Y
bianca19@gmail.com,"o_ZuI-,oW)'zPe/"
johnsontroy@gmail.com,Y+MsqTS1iX6U
eboyd@gmail.com,PQp2P)dH}cDG1
freemanjennifer@gmail.com,jNi%3rG)Id&/Q
bsexton@gmail.com,wQ9n?9Q%.+
franciscovazquez@gmail.com,",!8q#DxvHa$Ie-"
mclaughlindaniel@gmail.com,"k/J""/}f<U"
uschmitt@gmail.com,+Nhe]2G0Qt
tgarcia@gmail.com,"z3_Q""qm~3k%}ON"
william12@gmail.com,80m{9e\KS_K
owood@gmail.com,21[k6;esi
wgardner@gmail.com,Bb-N<(G+?qPyoV
robert81@gmail.com,H$kGF~v3CcC19Yjr
fperkins@gmail.com,Tf/utf@/'gfg
terribarker@gmail.com,orK^:Q}GMRa+bYe
elijaharmstrong@gmail.com,88'{A`27]\H>
nathaniel55@gmail.com,no-t)l4mp
isabellaortiz@gmail.com,=@J:Tb>d#O!K9s
figueroajason@gmail.com,"Q$SO;qI?""z3&t"
christine74@gmail.com,srYejJAMO=f
leslie00@gmail.com,1Gg9y@VJ#]vyU
qsteele@gmail.com,">^Yz~m(,O1'"
cathy12@gmail.com,PUSX\g&%aQ|
james08@gmail.com,p7BS2sA9(vLc2H2^
ashannon@gmail.com,w-r_Jy24*}U.^G6E
rowlanddarlene@gmail.com,9r}t]9A|dN$&|^
ggilbert@gmail.com,6kr7bGQ?Z=1V0skW
tranjamie@gmail.com,d2Of>HeHyb@E
aburns@gmail.com,pPuq`m[um/S_
davidweaver@gmail.com,:sSli(ie0gSB
crystalmurphy@gmail.com,+;p}!mJR.LSih
erikacastaneda@gmail.com,H$F#{7ge2yc&
jordanclark@gmail.com,uL|uG/|xU!Li]
kevinolson@gmail.com,L&\.1:?/enb--
gadams@gmail.com,yP]KW6{lDr
stephanie12@gmail.com,zZt$~?}iDH
cainkathy@gmail.com,K#6hUPMyzq_&
jordan79@gmail.com,",A)Ngtm9.)T)yAYk"
berrydean@gmail.com,zy(G;*DJYs
flynnjames@gmail.com,`SN@}kni#I
claytonchad@gmail.com,<tCz:tTpN_wM
misty87@gmail.com,@%~'GP'LcWySj4
jeffreysantiago@gmail.com,hrcY*>kh}CDZvHkI
paul70@gmail.com,yYnG&ao{?u|Bl
jonathansullivan@gmail.com,gPum'7VZIk`
bethanymorris@gmail.com,wES$N.t0u:BS
patriciasutton@gmail.com,@2>[2s+V{JP%
robinsaunders@gmail.com,">cw,)Z=N/X"
vmeadows@gmail.com,cUi`]U/rBAkO(.+k
lowerydiana@gmail.com,Bi4%)k1[7(
pwillis@gmail.com,"etlTs\{yAd,G:':#"
tiffany36@gmail.com,vaVcAc=RTVyT>R
gwhite@gmail.com,8dn9MfN1_Q?{RiX5
campbellkaren@gmail.com,bV\Gq.5=Xgag
perezjacqueline@gmail.com,avJ-w]|XCpi0n`
daniel59@gmail.com,C'wgio^Po`I-1
robertwilliams@gmail.com,Raa=Ia&X~
jeffreythomas@gmail.com,"c.K""(NgBUfZA9"
kenneth54@gmail.com,z5m[./PVV?C#C
janice47@gmail.com,zr>XgqnNt
caitlynmeyers@gmail.com,BXug%OF(fS!MkD
michael59@gmail.com,"G""B@38Pfwa#$"
reedyolanda@gmail.com,TE>hCXjcZ=|eQ]|
lopezrhonda@gmail.com,"""M?#/?u4~-u-S\4"
acostamarcus@gmail.com,"B?yIbz;Gny0"""
nelsonphyllis@gmail.com,j&O'E9in_wJ^[
amandaberger@gmail.com,o~mu[n@iA
crawfordmelanie@gmail.com,fDUVZ(TUb
anthony72@gmail.com,w/H%M^2XSw\BIsya
juliehart@gmail.com,NK<A=Vb.r[~
jwilliams@gmail.com,J`6?;=|KMPbP>K>
johngibson@gmail.com,|#(_w];[Ws5!eW
edwardsmary@gmail.com,"ihN'<4/]""nnA"
joshuamoore@gmail.com,gNyIhh]0k]U+D@]
shafferemily@gmail.com,Ht#RD~%)jQC0eC8
jacob99@gmail.com,p1-g%0Rtx
debrajohnson@gmail.com,"&%Q+798E,u8"
kbrooks@gmail.com,".&.YZ\""DWx_qQ"
tyler65@gmail.com,"I0R;m(F\EIB,8"
benitezedward@gmail.com,\:KWN7eLCwLxYV
shannondouglas@gmail.com,"6*T9K\UX%Ch]O""n"
rachelscott@gmail.com,".2{0!,'M6.B-"
dominique60@gmail.com,#&]0Pbv;&
kellysanchez@gmail.com,OJ-E9*@qU`f
alyssa05@gmail.com,Az$w(Zob{$5
ichristian@gmail.com,JKin#`DM9o*Y1Wj
brendamyers@gmail.com,VRnYsv0w@9G\~HW
westricardo@gmail.com,":L(,!_zuFZ"
pgarrett@gmail.com,{3dGmPg}%6;(4
caitlin67@gmail.com,"k,u+d}`V;>d"
dominiquehenderson@gmail.com,3{qn!wJ.WpA
phillipslisa@gmail.com,yvwVxD|C4{MqY
criley@gmail.com,0\Xhr=j\tzma;qVB
utucker@gmail.com,">W^Z,^i%y?3]L$"
clarkrobert@gmail.com,dN_pGUhnwSS+aqS
russelljohnson@gmail.com,caCRKQEE@m3
mckeejessica@gmail.com,[A.<S[S$=B
janice76@gmail.com,*gt0DE/yT
fdecker@gmail.com,${(qKwm-_`y
taylorbrooke@gmail.com,!SDN>LN|\
tanderson@gmail.com,"p[+9wgom\""!uKZ~"
johnsonrobert@gmail.com,@*sM[i!kT!hQ
debra52@gmail.com,"""MYY:miuIbv*c"
jonathan11@gmail.com,V0?5tsK4B=
charlesbuchanan@gmail.com,-sUc`m2NF[ee=Z
esmith@gmail.com,&$E\)(!I{=q
christina80@gmail.com,rb74}JpjT
gherman@gmail.com,!b#~hlmUf
lindsaypeterson@gmail.com,b*cy(|D-cvQ?}n2
tracy36@gmail.com,)v~nu(Mjx2Y*R@
monicaforbes@gmail.com,<9SXtn6/#N!
jamie89@gmail.com,+*o{m3(va}#S<NOm
billywilliams@gmail.com,?:.sqX[0c
qwilliams@gmail.com,qbfBb\c0m(UV!%A=
henrykelly@gmail.com,t'aotk/:JTO%_u
wmedina@gmail.com,"]S:9ZG,&gsh)C:X$"
danielfoley@gmail.com,=1blp[cupZf43Yn{
qscott@gmail.com,Xms9u*f@>/*~{
sarahmassey@gmail.com,ETDU*lD%dt1-
nfriedman@gmail.com,(n+yR(Ei!p
porterstacey@gmail.com,)~G(kY9_@%3H!tH
robert86@gmail.com,"99/z{,(:ixT;B"
mariacallahan@gmail.com,dJAeiFma4bwif
sarahfitzpatrick@gmail.com,{Wwr$&@dR&gAw:P
richard26@gmail.com,wxGVi[^+[1XK
sydney11@gmail.com,p`)pC#1>\s8ik
cheryl47@gmail.com,83HWx^\'i%b$
jerome28@gmail.com,Z@G*cn81yWs
mdean@gmail.com,90x?/H`t@y1:Iq
ipeck@gmail.com,"Y3c""jGF'EJG^La"
ncampbell@gmail.com,%g<>mi$MQ0
michael58@gmail.com,UpW}s.iF_9O7I0UO
gilltony@gmail.com,yw>hxj:{UQc]gi
onichols@gmail.com,-w<JdW(_`l-33T
sophia43@gmail.com,CY@WB&f)=+7
susan99@gmail.com,GpKV7_Z.P9?Y1
mitchelljanet@gmail.com,"LNa;J<Ojv}<co""^"
santosashley@gmail.com,-e4PedrP1hLr
jennifer19@gmail.com,4VW+S[V*`
dmason@gmail.com,9R'{@(2r:[<%
gardnerdavid@gmail.com,"b~S>!_,,uA5"
woodardstephanie@gmail.com,HY)H=7[s?~^`BZ
joshua74@gmail.com,",mDo>)Fc""<5KImJA"
wayne75@gmail.com,"^IwOVNW{#P~""M*8"
iananderson@gmail.com,z<nB>TnGlZ1rt/l
qharper@gmail.com,\5FYXg|VDo
paulharris@gmail.com,":?""6.n+_AOz<PQx:"
jstevenson@gmail.com,"JuP4A~POm09k,\@G"
nancy32@gmail.com,",e5#^,vv{"
ovazquez@gmail.com,-=c#-s`<h'v9y
fclayton@gmail.com,"na}qt,J""uf.|K'"
jodismith@gmail.com,`KkqIjPB.1[Py
hmathews@gmail.com,i*kT{C#]u|>+>!
stuartnguyen@gmail.com,C.1Gx*~in|dm
oferrell@gmail.com,)F~#p:dwi6kw
susanvasquez@gmail.com,6V/O;!X#iUo]/
hernandezandrea@gmail.com,94nL=\RWf':
nicholastorres@gmail.com,cMXC[DCv|_)Zs
trandonald@gmail.com,NZ[e85GEyHZx6
frank98@gmail.com,mp;8KTzkK
ayerscynthia@gmail.com,_1[S_\:0Q]vmiG
victor35@gmail.com,"\Ayp""C=x4<"
krista60@gmail.com,'4|Ey4g*m]\&-+d'
margaretchaney@gmail.com,"(,uKjB8u>T9"
lflores@gmail.com,-o7N40TNb[pb
briangraves@gmail.com,[#PzHB1/j./kB7*0
vanessamorris@gmail.com,"w,bZYl'J#9$pQAn"
thomasdeborah@gmail.com,"A{pS{Ole@@,/,"
ccooper@gmail.com,RU|Mqc=t_c
tvaldez@gmail.com,91G+V!fwdvP~
tony45@gmail.com,_B06P:_}~jrP6:A
vcook@gmail.com,@bSff5I;D5S
ogarcia@gmail.com,"D,7sBfPhG%"
stewartjohn@gmail.com,:`dF'Y~:)h:H%
ryanstacy@gmail.com,pTYWjh%{8^Z$;a
qpeters@gmail.com,"H3K""3FlAN)/?df"
nicoleosborne@gmail.com,F\[h-8My[Y-RA|Dt
ngonzales@gmail.com,U{A!x}0gAnKx
mglover@gmail.com,C~}E;%|YBslp'O&M
teresa45@gmail.com,]{cYe8\o;:vXqfE+
austin61@gmail.com,e7}8W2.YOLO]9
tweeks@gmail.com,(7[7gc.*v}
patriciamaynard@gmail.com,{o9nqXHDGo`#
hporter@gmail.com,".l0S""j_WPa~C"
shaneford@gmail.com,DpqV4SO;{
brittany19@gmail.com,>~99;Q3p`8
tony00@gmail.com,ZT6B2_CVv
tjackson@gmail.com,y]%-V=b&d\
gordonjennifer@gmail.com,16i|qADzdZp3
toconnor@gmail.com,/Bb*1-?)0(;b;**S
wandamoore@gmail.com,Y[z!mhz_1
zmurphy@gmail.com,(WyywpjU6
ashleymaldonado@gmail.com,"""<H4aN'SI&.@"
kylie42@gmail.com,?U:evFxjg2os
xdurham@gmail.com,#Fs+.7DX$1NrUS;
xwade@gmail.com,k_:^<=W.iU7KKo!
brandonmoon@gmail.com,"![&t""VbT,2:"
tgallagher@gmail.com,B:8r#=(.j40593!}
acasey@gmail.com,FX{_0M4hvzyvI
christieallen@gmail.com,^f8jEGPi:`#p/
jomadden@gmail.com,K<'kq$p(zVx&$4
jamesrivera@gmail.com,HWA8*$yfu
brucekathleen@gmail.com,"M,iGe@\uWT4slWE"
manuel89@gmail.com,"Q,sRojq:<N0"
vgomez@gmail.com,fXQ@-D&KB`zJ
debrapratt@gmail.com,Bjw@8b*V>
stricklandjeremy@gmail.com,"U?#i1m,\%$<m(`"
hmedina@gmail.com,hjk_qL)#-
williamsgarrett@gmail.com,BOMa]GWY]=_O56<
nortonmatthew@gmail.com,H{.a!I:A;06jg]81
ramirezrandall@gmail.com,RDYCK|8*vs=Hx-Eq
carlsonlaura@gmail.com,:dt+AxnRZFy8v
wrightandrea@gmail.com,.c#lV?SqN
martinheather@gmail.com,y>W59*AZVXO^
carterchristopher@gmail.com,0SP+NLo$JTj)N6
melissa63@gmail.com,OL%`Fhz|E
timothy03@gmail.com,ye5/{uZHK
bcarpenter@gmail.com,f5Zp[J9K{J'u
qmoran@gmail.com,"QDP9uBZ""$r$"
ginatyler@gmail.com,=tIQ}JUbnu
andrewjordan@gmail.com,FYS']rCVO0o%
zjohnson@gmail.com,OD=@2a/vGqM]lbr
julie33@gmail.com,"@gNiO#+De+""_),HX"
mary61@gmail.com,]n:RY{TlIc
ytorres@gmail.com,"F5X^l<C2,RN"
dryan@gmail.com,"y5+&,H^C$w<pE"
hutchinsonapril@gmail.com,iSW_>K..e}S9\?
lutzjennifer@gmail.com,-/{ROqRYD
andersongary@gmail.com,nhEcxXM@-^=p%m;
caroline29@gmail.com,"42bQ<dtkbz=Y""*"
lopezlaura@gmail.com,I)YQ<v[X=&6'M?
wendycollier@gmail.com,-p?*5t:bp2kr>(
kennedywilliam@gmail.com,RAQ%BAeg`%BP`<T
aprildavis@gmail.com,!amK_I_IY
snovak@gmail.com,F[lYJ#c0-
camposconnor@gmail.com,"6Ewk""2'teDV<8"
luke28@gmail.com,08?so(YF~}k
jerry57@gmail.com,CXBEECKfrXE
boydcathy@gmail.com,kE8KI8&U6[:.
iwilliams@gmail.com,:lWcVjL#k7}4
kingaaron@gmail.com,r*}xP5R?iDn{
jasmine38@gmail.com,ck(xH0T$~v
foleybrittany@gmail.com,{q'69Mp9Nt<7(@
leeday@gmail.com,94zaH`Y_i;:s
aprilbishop@gmail.com,'+)~n%RkRgcT>$_c
cheryl80@gmail.com,J~FOkJ!Xi
jimenezsabrina@gmail.com,cC&q9Rzm{>TSWS;
tsmith@gmail.com,JP'l*dfk)u
chaveztyler@gmail.com,MMVD1{F$MNI{w
danielbonnie@gmail.com,S|p![?`qb
dennismichael@gmail.com,!Lz~>$7;@0X
david10@gmail.com,"*""M<""4t4^"
davislaura@gmail.com,54R|gE|G/
anna97@gmail.com,cj\_i>c8[0Aj<7
lesliesmith@gmail.com,nKwBi8WhZP!r
xsnow@gmail.com,00stwZ4eB{
ellisonanthony@gmail.com,n\H?iS(UcR~^{
pfischer@gmail.com,",m|q=;#K,"
kathleen03@gmail.com,"'f%,W9VAxMl7\B"
codylevy@gmail.com,2~'vMMl!GaNsw+
elizabeth95@gmail.com,bHtl0Y}00RaKb
vsalas@gmail.com,")"";VyoHQBh"
wattsjennifer@gmail.com,^/S:FKld!
kellerdennis@gmail.com,0Tcw4qFkNGKi
ihansen@gmail.com,XH|0ccR$Tv^
shawnsalazar@gmail.com,"J,~wx3Lzwd]cSL[A"
clarkemily@gmail.com,F34NIM\z<z~1`
david07@gmail.com,-QB;jQse+
charleslamb@gmail.com,UVWFKh!2{4\/7
baileymary@gmail.com,_oI*k2seGI
mccoycarrie@gmail.com,DN!+Y{R:u|;PRc
jillian58@gmail.com,[7bOT{gDoZ:.U
michael02@gmail.com,A]nPGUJ>6.z
harmonkristine@gmail.com,VQ]{vb`0$/Bk%
brian91@gmail.com,gB.t/:clvnzr
terribrooks@gmail.com,"}`:sJ5Z]""JbK>w^f"
jortiz@gmail.com,`~<YM{b%_Yuz!!S
zbrooks@gmail.com,J<qSST=5dL>f]7|
hlopez@gmail.com,K.Yf'onXx)
loripatel@gmail.com,2`W+!D%T$]:
jpatrick@gmail.com,G*|vawTIW
nicolegraham@gmail.com,"zi?|,[9@5-am0U>>"
nwilson@gmail.com,q['cvxB8^z]cn~k
monicawest@gmail.com,wrs_HBjm=wq5N
qsantos@gmail.com,?/|7l!Yov(
joshuamartin@gmail.com,N~wfI_>$FQ}d:
hodgegregory@gmail.com,(3*Vei!3\
morsesonya@gmail.com,%?^5ecaNK
powellnancy@gmail.com,vr<^X_ZR)
thomasvirginia@gmail.com,y'x5x%YFoun6v|?
qwright@gmail.com,o<jV|IkA`xFg
harrisonchristopher@gmail.com,*%g@^/UKufC4
jeffconner@gmail.com,hjkZ~zkv(
joshua94@gmail.com,".gXt0V""1="
wendygrimes@gmail.com,"5d@}+52,S}b"
mdavis@gmail.com,X.j=[et6w%PtFK0R
juarezpatricia@gmail.com,g'uQ2W[c@&wAi;\D
loganlisa@gmail.com,"jA""4Y6iwaN"
brianwilliams@gmail.com,JN\P$q()9T0
janice20@gmail.com,0tW>exFS_
cperry@gmail.com,ht@kg_Lx9w=VqKV
gcruz@gmail.com,^VLz'&gD+n
todd09@gmail.com,"=(^h\awl,"
jonesmartin@gmail.com,EI`j`OwWi&xUty5\
williamsonrenee@gmail.com,q|OiEP[i@D\$[
finleycarrie@gmail.com,"o@s4&94laZ""B"
fburch@gmail.com,}PwqKDMTU6{*
ohendrix@gmail.com,}`/>AfftrFZgqZ
derrickhardy@gmail.com,"2\Y}:\\N,;)a"
charles94@gmail.com,-sS5B^Gi5/H2TOby
gilbertkiara@gmail.com,25;uVCF9zL6f](
camposandrew@gmail.com,XaaV&k|$+x;Gk\;5
patriciajarvis@gmail.com,xZ1Gp}PL7x!
gabriel85@gmail.com,PN?2@P&8m*$/5?R
brandonmoore@gmail.com,N2AibWMYpLS|
robertwebster@gmail.com,0}bG>7r{B
allen35@gmail.com,"qegcI&V*E8x3yR,"
kentcrystal@gmail.com,9cQ<';Mit?
harrisjoshua@gmail.com,}WFD'P'aro!/V
